{
  "episodes": 50,
  "seed": 42,
  "single": {
    "median_ms": 6.999471224844456e-05,
    "p99_ms": 0.00035999983083456755,
    "max_ms": 0.00035999983083456755
  },
  "maci": {
    "median_ms": 0.0009100040188059211,
    "p99_ms": 0.0036799974623136222,
    "max_ms": 0.0036799974623136222
  },
  "delta": {
    "median_ms": 0.0008400093065574765,
    "p99_ms": 0.0033199976314790547,
    "max_ms": 0.0033199976314790547
  },
  "pass": {
    "median_ok": true,
    "p99_ok": true
  }
}